[
  {
    "vehicle_id": "V0001",
    "start_time": "2025-09-19 04:02:00",
    "end_time": "2025-09-19 04:08:00",
    "path": [
      {
        "intersection": "1_4",
        "timestamp": "2025-09-19 04:02:00"
      },
      {
        "intersection": "2_4",
        "timestamp": "2025-09-19 04:03:00"
      },
      {
        "intersection": "2_3",
        "timestamp": "2025-09-19 04:05:00"
      },
      {
        "intersection": "2_2",
        "timestamp": "2025-09-19 04:08:00"
      }
    ]
  },
  {
    "vehicle_id": "V0002",
    "start_time": "2025-09-19 16:35:00",
    "end_time": "2025-09-19 16:39:00",
    "path": [
      {
        "intersection": "1_3",
        "timestamp": "2025-09-19 16:35:00"
      },
      {
        "intersection": "2_3",
        "timestamp": "2025-09-19 16:36:00"
      },
      {
        "intersection": "3_3",
        "timestamp": "2025-09-19 16:38:00"
      },
      {
        "intersection": "4_3",
        "timestamp": "2025-09-19 16:39:00"
      }
    ]
  },
  {
    "vehicle_id": "V0003",
    "start_time": "2025-09-19 04:36:00",
    "end_time": "2025-09-19 04:42:00",
    "path": [
      {
        "intersection": "3_1",
        "timestamp": "2025-09-19 04:36:00"
      },
      {
        "intersection": "4_1",
        "timestamp": "2025-09-19 04:39:00"
      },
      {
        "intersection": "4_2",
        "timestamp": "2025-09-19 04:40:00"
      },
      {
        "intersection": "4_3",
        "timestamp": "2025-09-19 04:42:00"
      }
    ]
  },
  {
    "vehicle_id": "V0004",
    "start_time": "2025-09-19 23:06:00",
    "end_time": "2025-09-19 23:14:00",
    "path": [
      {
        "intersection": "4_2",
        "timestamp": "2025-09-19 23:06:00"
      },
      {
        "intersection": "3_2",
        "timestamp": "2025-09-19 23:07:00"
      },
      {
        "intersection": "2_2",
        "timestamp": "2025-09-19 23:10:00"
      },
      {
        "intersection": "1_2",
        "timestamp": "2025-09-19 23:11:00"
      },
      {
        "intersection": "1_1",
        "timestamp": "2025-09-19 23:12:00"
      },
      {
        "intersection": "1_0",
        "timestamp": "2025-09-19 23:14:00"
      }
    ]
  },
  {
    "vehicle_id": "V0005",
    "start_time": "2025-09-19 18:36:00",
    "end_time": "2025-09-19 18:41:00",
    "path": [
      {
        "intersection": "2_1",
        "timestamp": "2025-09-19 18:36:00"
      },
      {
        "intersection": "3_1",
        "timestamp": "2025-09-19 18:38:00"
      },
      {
        "intersection": "3_2",
        "timestamp": "2025-09-19 18:39:00"
      },
      {
        "intersection": "3_3",
        "timestamp": "2025-09-19 18:41:00"
      }
    ]
  },
  {
    "vehicle_id": "V0006",
    "start_time": "2025-09-19 08:43:00",
    "end_time": "2025-09-19 08:49:00",
    "path": [
      {
        "intersection": "0_4",
        "timestamp": "2025-09-19 08:43:00"
      },
      {
        "intersection": "1_4",
        "timestamp": "2025-09-19 08:44:00"
      },
      {
        "intersection": "2_4",
        "timestamp": "2025-09-19 08:47:00"
      },
      {
        "intersection": "2_3",
        "timestamp": "2025-09-19 08:48:00"
      },
      {
        "intersection": "2_2",
        "timestamp": "2025-09-19 08:49:00"
      }
    ]
  },
  {
    "vehicle_id": "V0007",
    "start_time": "2025-09-19 10:34:00",
    "end_time": "2025-09-19 10:41:00",
    "path": [
      {
        "intersection": "4_3",
        "timestamp": "2025-09-19 10:34:00"
      },
      {
        "intersection": "3_3",
        "timestamp": "2025-09-19 10:35:00"
      },
      {
        "intersection": "2_3",
        "timestamp": "2025-09-19 10:37:00"
      },
      {
        "intersection": "1_3",
        "timestamp": "2025-09-19 10:39:00"
      },
      {
        "intersection": "0_3",
        "timestamp": "2025-09-19 10:40:00"
      },
      {
        "intersection": "0_2",
        "timestamp": "2025-09-19 10:41:00"
      }
    ]
  },
  {
    "vehicle_id": "V0008",
    "start_time": "2025-09-19 23:49:00",
    "end_time": "2025-09-19 23:54:00",
    "path": [
      {
        "intersection": "1_3",
        "timestamp": "2025-09-19 23:49:00"
      },
      {
        "intersection": "2_3",
        "timestamp": "2025-09-19 23:50:00"
      },
      {
        "intersection": "3_3",
        "timestamp": "2025-09-19 23:52:00"
      },
      {
        "intersection": "3_4",
        "timestamp": "2025-09-19 23:54:00"
      }
    ]
  },
  {
    "vehicle_id": "V0009",
    "start_time": "2025-09-19 06:34:00",
    "end_time": "2025-09-19 06:38:00",
    "path": [
      {
        "intersection": "2_3",
        "timestamp": "2025-09-19 06:34:00"
      },
      {
        "intersection": "1_3",
        "timestamp": "2025-09-19 06:36:00"
      },
      {
        "intersection": "0_3",
        "timestamp": "2025-09-19 06:37:00"
      },
      {
        "intersection": "0_4",
        "timestamp": "2025-09-19 06:38:00"
      }
    ]
  },
  {
    "vehicle_id": "V0010",
    "start_time": "2025-09-19 08:50:00",
    "end_time": "2025-09-19 09:00:00",
    "path": [
      {
        "intersection": "4_2",
        "timestamp": "2025-09-19 08:50:00"
      },
      {
        "intersection": "3_2",
        "timestamp": "2025-09-19 08:53:00"
      },
      {
        "intersection": "2_2",
        "timestamp": "2025-09-19 08:54:00"
      },
      {
        "intersection": "1_2",
        "timestamp": "2025-09-19 08:57:00"
      },
      {
        "intersection": "1_1",
        "timestamp": "2025-09-19 08:59:00"
      },
      {
        "intersection": "1_0",
        "timestamp": "2025-09-19 09:00:00"
      }
    ]
  },
  {
    "vehicle_id": "V0011",
    "start_time": "2025-09-19 13:27:00",
    "end_time": "2025-09-19 13:38:00",
    "path": [
      {
        "intersection": "4_0",
        "timestamp": "2025-09-19 13:27:00"
      },
      {
        "intersection": "3_0",
        "timestamp": "2025-09-19 13:29:00"
      },
      {
        "intersection": "2_0",
        "timestamp": "2025-09-19 13:30:00"
      },
      {
        "intersection": "1_0",
        "timestamp": "2025-09-19 13:32:00"
      },
      {
        "intersection": "0_0",
        "timestamp": "2025-09-19 13:34:00"
      },
      {
        "intersection": "0_1",
        "timestamp": "2025-09-19 13:35:00"
      },
      {
        "intersection": "0_2",
        "timestamp": "2025-09-19 13:37:00"
      },
      {
        "intersection": "0_3",
        "timestamp": "2025-09-19 13:38:00"
      }
    ]
  },
  {
    "vehicle_id": "V0012",
    "start_time": "2025-09-19 04:36:00",
    "end_time": "2025-09-19 04:41:00",
    "path": [
      {
        "intersection": "1_1",
        "timestamp": "2025-09-19 04:36:00"
      },
      {
        "intersection": "0_1",
        "timestamp": "2025-09-19 04:39:00"
      },
      {
        "intersection": "0_2",
        "timestamp": "2025-09-19 04:41:00"
      }
    ]
  },
  {
    "vehicle_id": "V0013",
    "start_time": "2025-09-19 03:31:00",
    "end_time": "2025-09-19 03:40:00",
    "path": [
      {
        "intersection": "2_0",
        "timestamp": "2025-09-19 03:31:00"
      },
      {
        "intersection": "3_0",
        "timestamp": "2025-09-19 03:32:00"
      },
      {
        "intersection": "3_1",
        "timestamp": "2025-09-19 03:35:00"
      },
      {
        "intersection": "3_2",
        "timestamp": "2025-09-19 03:36:00"
      },
      {
        "intersection": "3_3",
        "timestamp": "2025-09-19 03:38:00"
      },
      {
        "intersection": "3_4",
        "timestamp": "2025-09-19 03:40:00"
      }
    ]
  },
  {
    "vehicle_id": "V0014",
    "start_time": "2025-09-19 15:58:00",
    "end_time": "2025-09-19 16:04:00",
    "path": [
      {
        "intersection": "4_1",
        "timestamp": "2025-09-19 15:58:00"
      },
      {
        "intersection": "3_1",
        "timestamp": "2025-09-19 16:01:00"
      },
      {
        "intersection": "3_2",
        "timestamp": "2025-09-19 16:04:00"
      }
    ]
  },
  {
    "vehicle_id": "V0015",
    "start_time": "2025-09-19 18:16:00",
    "end_time": "2025-09-19 18:20:00",
    "path": [
      {
        "intersection": "3_1",
        "timestamp": "2025-09-19 18:16:00"
      },
      {
        "intersection": "4_1",
        "timestamp": "2025-09-19 18:18:00"
      },
      {
        "intersection": "4_2",
        "timestamp": "2025-09-19 18:19:00"
      },
      {
        "intersection": "4_3",
        "timestamp": "2025-09-19 18:20:00"
      }
    ]
  },
  {
    "vehicle_id": "V0016",
    "start_time": "2025-09-19 14:57:00",
    "end_time": "2025-09-19 15:03:00",
    "path": [
      {
        "intersection": "1_4",
        "timestamp": "2025-09-19 14:57:00"
      },
      {
        "intersection": "2_4",
        "timestamp": "2025-09-19 14:59:00"
      },
      {
        "intersection": "2_3",
        "timestamp": "2025-09-19 15:01:00"
      },
      {
        "intersection": "2_2",
        "timestamp": "2025-09-19 15:03:00"
      }
    ]
  },
  {
    "vehicle_id": "V0017",
    "start_time": "2025-09-19 08:41:00",
    "end_time": "2025-09-19 08:45:00",
    "path": [
      {
        "intersection": "3_2",
        "timestamp": "2025-09-19 08:41:00"
      },
      {
        "intersection": "3_1",
        "timestamp": "2025-09-19 08:42:00"
      },
      {
        "intersection": "3_0",
        "timestamp": "2025-09-19 08:45:00"
      }
    ]
  },
  {
    "vehicle_id": "V0018",
    "start_time": "2025-09-19 07:43:00",
    "end_time": "2025-09-19 07:47:00",
    "path": [
      {
        "intersection": "4_3",
        "timestamp": "2025-09-19 07:43:00"
      },
      {
        "intersection": "3_3",
        "timestamp": "2025-09-19 07:44:00"
      },
      {
        "intersection": "2_3",
        "timestamp": "2025-09-19 07:45:00"
      },
      {
        "intersection": "2_4",
        "timestamp": "2025-09-19 07:47:00"
      }
    ]
  },
  {
    "vehicle_id": "V0019",
    "start_time": "2025-09-19 18:37:00",
    "end_time": "2025-09-19 18:39:00",
    "path": [
      {
        "intersection": "3_4",
        "timestamp": "2025-09-19 18:37:00"
      },
      {
        "intersection": "2_4",
        "timestamp": "2025-09-19 18:38:00"
      },
      {
        "intersection": "1_4",
        "timestamp": "2025-09-19 18:39:00"
      }
    ]
  },
  {
    "vehicle_id": "V0020",
    "start_time": "2025-09-19 04:11:00",
    "end_time": "2025-09-19 04:17:00",
    "path": [
      {
        "intersection": "1_4",
        "timestamp": "2025-09-19 04:11:00"
      },
      {
        "intersection": "1_3",
        "timestamp": "2025-09-19 04:13:00"
      },
      {
        "intersection": "1_2",
        "timestamp": "2025-09-19 04:16:00"
      },
      {
        "intersection": "1_1",
        "timestamp": "2025-09-19 04:17:00"
      }
    ]
  },
  {
    "vehicle_id": "V0021",
    "start_time": "2025-09-19 21:24:00",
    "end_time": "2025-09-19 21:32:00",
    "path": [
      {
        "intersection": "0_4",
        "timestamp": "2025-09-19 21:24:00"
      },
      {
        "intersection": "1_4",
        "timestamp": "2025-09-19 21:26:00"
      },
      {
        "intersection": "2_4",
        "timestamp": "2025-09-19 21:29:00"
      },
      {
        "intersection": "2_3",
        "timestamp": "2025-09-19 21:31:00"
      },
      {
        "intersection": "2_2",
        "timestamp": "2025-09-19 21:32:00"
      }
    ]
  },
  {
    "vehicle_id": "V0022",
    "start_time": "2025-09-19 12:48:00",
    "end_time": "2025-09-19 12:57:00",
    "path": [
      {
        "intersection": "2_3",
        "timestamp": "2025-09-19 12:48:00"
      },
      {
        "intersection": "3_3",
        "timestamp": "2025-09-19 12:51:00"
      },
      {
        "intersection": "4_3",
        "timestamp": "2025-09-19 12:53:00"
      },
      {
        "intersection": "4_2",
        "timestamp": "2025-09-19 12:54:00"
      },
      {
        "intersection": "4_1",
        "timestamp": "2025-09-19 12:57:00"
      }
    ]
  },
  {
    "vehicle_id": "V0023",
    "start_time": "2025-09-19 14:11:00",
    "end_time": "2025-09-19 14:12:00",
    "path": [
      {
        "intersection": "2_2",
        "timestamp": "2025-09-19 14:11:00"
      },
      {
        "intersection": "2_3",
        "timestamp": "2025-09-19 14:12:00"
      }
    ]
  },
  {
    "vehicle_id": "V0024",
    "start_time": "2025-09-19 07:58:00",
    "end_time": "2025-09-19 08:07:00",
    "path": [
      {
        "intersection": "3_2",
        "timestamp": "2025-09-19 07:58:00"
      },
      {
        "intersection": "2_2",
        "timestamp": "2025-09-19 07:59:00"
      },
      {
        "intersection": "1_2",
        "timestamp": "2025-09-19 08:02:00"
      },
      {
        "intersection": "0_2",
        "timestamp": "2025-09-19 08:05:00"
      },
      {
        "intersection": "0_1",
        "timestamp": "2025-09-19 08:07:00"
      }
    ]
  },
  {
    "vehicle_id": "V0025",
    "start_time": "2025-09-19 23:37:00",
    "end_time": "2025-09-19 23:45:00",
    "path": [
      {
        "intersection": "0_4",
        "timestamp": "2025-09-19 23:37:00"
      },
      {
        "intersection": "1_4",
        "timestamp": "2025-09-19 23:39:00"
      },
      {
        "intersection": "2_4",
        "timestamp": "2025-09-19 23:42:00"
      },
      {
        "intersection": "3_4",
        "timestamp": "2025-09-19 23:45:00"
      }
    ]
  },
  {
    "vehicle_id": "V0026",
    "start_time": "2025-09-19 00:49:00",
    "end_time": "2025-09-19 00:51:00",
    "path": [
      {
        "intersection": "3_3",
        "timestamp": "2025-09-19 00:49:00"
      },
      {
        "intersection": "4_3",
        "timestamp": "2025-09-19 00:50:00"
      },
      {
        "intersection": "4_2",
        "timestamp": "2025-09-19 00:51:00"
      }
    ]
  },
  {
    "vehicle_id": "V0027",
    "start_time": "2025-09-19 22:34:00",
    "end_time": "2025-09-19 22:44:00",
    "path": [
      {
        "intersection": "3_3",
        "timestamp": "2025-09-19 22:34:00"
      },
      {
        "intersection": "2_3",
        "timestamp": "2025-09-19 22:35:00"
      },
      {
        "intersection": "1_3",
        "timestamp": "2025-09-19 22:37:00"
      },
      {
        "intersection": "1_2",
        "timestamp": "2025-09-19 22:38:00"
      },
      {
        "intersection": "1_1",
        "timestamp": "2025-09-19 22:41:00"
      },
      {
        "intersection": "1_0",
        "timestamp": "2025-09-19 22:44:00"
      }
    ]
  },
  {
    "vehicle_id": "V0028",
    "start_time": "2025-09-19 08:35:00",
    "end_time": "2025-09-19 08:43:00",
    "path": [
      {
        "intersection": "0_3",
        "timestamp": "2025-09-19 08:35:00"
      },
      {
        "intersection": "0_2",
        "timestamp": "2025-09-19 08:38:00"
      },
      {
        "intersection": "0_1",
        "timestamp": "2025-09-19 08:41:00"
      },
      {
        "intersection": "0_0",
        "timestamp": "2025-09-19 08:43:00"
      }
    ]
  },
  {
    "vehicle_id": "V0029",
    "start_time": "2025-09-19 07:05:00",
    "end_time": "2025-09-19 07:15:00",
    "path": [
      {
        "intersection": "0_2",
        "timestamp": "2025-09-19 07:05:00"
      },
      {
        "intersection": "1_2",
        "timestamp": "2025-09-19 07:07:00"
      },
      {
        "intersection": "2_2",
        "timestamp": "2025-09-19 07:10:00"
      },
      {
        "intersection": "3_2",
        "timestamp": "2025-09-19 07:13:00"
      },
      {
        "intersection": "4_2",
        "timestamp": "2025-09-19 07:15:00"
      }
    ]
  },
  {
    "vehicle_id": "V0030",
    "start_time": "2025-09-19 00:08:00",
    "end_time": "2025-09-19 00:19:00",
    "path": [
      {
        "intersection": "3_4",
        "timestamp": "2025-09-19 00:08:00"
      },
      {
        "intersection": "4_4",
        "timestamp": "2025-09-19 00:10:00"
      },
      {
        "intersection": "4_3",
        "timestamp": "2025-09-19 00:12:00"
      },
      {
        "intersection": "4_2",
        "timestamp": "2025-09-19 00:15:00"
      },
      {
        "intersection": "4_1",
        "timestamp": "2025-09-19 00:18:00"
      },
      {
        "intersection": "4_0",
        "timestamp": "2025-09-19 00:19:00"
      }
    ]
  },
  {
    "vehicle_id": "V0031",
    "start_time": "2025-09-19 09:38:00",
    "end_time": "2025-09-19 09:51:00",
    "path": [
      {
        "intersection": "0_4",
        "timestamp": "2025-09-19 09:38:00"
      },
      {
        "intersection": "1_4",
        "timestamp": "2025-09-19 09:41:00"
      },
      {
        "intersection": "2_4",
        "timestamp": "2025-09-19 09:42:00"
      },
      {
        "intersection": "3_4",
        "timestamp": "2025-09-19 09:45:00"
      },
      {
        "intersection": "4_4",
        "timestamp": "2025-09-19 09:46:00"
      },
      {
        "intersection": "4_3",
        "timestamp": "2025-09-19 09:47:00"
      },
      {
        "intersection": "4_2",
        "timestamp": "2025-09-19 09:48:00"
      },
      {
        "intersection": "4_1",
        "timestamp": "2025-09-19 09:50:00"
      },
      {
        "intersection": "4_0",
        "timestamp": "2025-09-19 09:51:00"
      }
    ]
  },
  {
    "vehicle_id": "V0032",
    "start_time": "2025-09-19 02:25:00",
    "end_time": "2025-09-19 02:30:00",
    "path": [
      {
        "intersection": "0_2",
        "timestamp": "2025-09-19 02:25:00"
      },
      {
        "intersection": "1_2",
        "timestamp": "2025-09-19 02:28:00"
      },
      {
        "intersection": "2_2",
        "timestamp": "2025-09-19 02:30:00"
      }
    ]
  },
  {
    "vehicle_id": "V0033",
    "start_time": "2025-09-19 21:28:00",
    "end_time": "2025-09-19 21:33:00",
    "path": [
      {
        "intersection": "3_1",
        "timestamp": "2025-09-19 21:28:00"
      },
      {
        "intersection": "2_1",
        "timestamp": "2025-09-19 21:30:00"
      },
      {
        "intersection": "1_1",
        "timestamp": "2025-09-19 21:32:00"
      },
      {
        "intersection": "1_0",
        "timestamp": "2025-09-19 21:33:00"
      }
    ]
  },
  {
    "vehicle_id": "V0034",
    "start_time": "2025-09-19 23:56:00",
    "end_time": "2025-09-20 00:00:00",
    "path": [
      {
        "intersection": "1_3",
        "timestamp": "2025-09-19 23:56:00"
      },
      {
        "intersection": "2_3",
        "timestamp": "2025-09-19 23:57:00"
      },
      {
        "intersection": "3_3",
        "timestamp": "2025-09-19 23:59:00"
      },
      {
        "intersection": "3_2",
        "timestamp": "2025-09-20 00:00:00"
      }
    ]
  },
  {
    "vehicle_id": "V0035",
    "start_time": "2025-09-19 11:23:00",
    "end_time": "2025-09-19 11:28:00",
    "path": [
      {
        "intersection": "0_3",
        "timestamp": "2025-09-19 11:23:00"
      },
      {
        "intersection": "1_3",
        "timestamp": "2025-09-19 11:25:00"
      },
      {
        "intersection": "2_3",
        "timestamp": "2025-09-19 11:27:00"
      },
      {
        "intersection": "2_4",
        "timestamp": "2025-09-19 11:28:00"
      }
    ]
  },
  {
    "vehicle_id": "V0036",
    "start_time": "2025-09-19 09:31:00",
    "end_time": "2025-09-19 09:36:00",
    "path": [
      {
        "intersection": "4_0",
        "timestamp": "2025-09-19 09:31:00"
      },
      {
        "intersection": "3_0",
        "timestamp": "2025-09-19 09:33:00"
      },
      {
        "intersection": "3_1",
        "timestamp": "2025-09-19 09:34:00"
      },
      {
        "intersection": "3_2",
        "timestamp": "2025-09-19 09:36:00"
      }
    ]
  },
  {
    "vehicle_id": "V0037",
    "start_time": "2025-09-19 18:46:00",
    "end_time": "2025-09-19 18:49:00",
    "path": [
      {
        "intersection": "2_3",
        "timestamp": "2025-09-19 18:46:00"
      },
      {
        "intersection": "1_3",
        "timestamp": "2025-09-19 18:47:00"
      },
      {
        "intersection": "1_2",
        "timestamp": "2025-09-19 18:49:00"
      }
    ]
  },
  {
    "vehicle_id": "V0038",
    "start_time": "2025-09-19 16:44:00",
    "end_time": "2025-09-19 16:49:00",
    "path": [
      {
        "intersection": "2_0",
        "timestamp": "2025-09-19 16:44:00"
      },
      {
        "intersection": "1_0",
        "timestamp": "2025-09-19 16:47:00"
      },
      {
        "intersection": "0_0",
        "timestamp": "2025-09-19 16:49:00"
      }
    ]
  },
  {
    "vehicle_id": "V0039",
    "start_time": "2025-09-19 14:17:00",
    "end_time": "2025-09-19 14:29:00",
    "path": [
      {
        "intersection": "4_1",
        "timestamp": "2025-09-19 14:17:00"
      },
      {
        "intersection": "3_1",
        "timestamp": "2025-09-19 14:18:00"
      },
      {
        "intersection": "2_1",
        "timestamp": "2025-09-19 14:20:00"
      },
      {
        "intersection": "1_1",
        "timestamp": "2025-09-19 14:22:00"
      },
      {
        "intersection": "0_1",
        "timestamp": "2025-09-19 14:23:00"
      },
      {
        "intersection": "0_2",
        "timestamp": "2025-09-19 14:26:00"
      },
      {
        "intersection": "0_3",
        "timestamp": "2025-09-19 14:27:00"
      },
      {
        "intersection": "0_4",
        "timestamp": "2025-09-19 14:29:00"
      }
    ]
  },
  {
    "vehicle_id": "V0040",
    "start_time": "2025-09-19 18:56:00",
    "end_time": "2025-09-19 18:58:00",
    "path": [
      {
        "intersection": "0_3",
        "timestamp": "2025-09-19 18:56:00"
      },
      {
        "intersection": "0_2",
        "timestamp": "2025-09-19 18:57:00"
      },
      {
        "intersection": "0_1",
        "timestamp": "2025-09-19 18:58:00"
      }
    ]
  },
  {
    "vehicle_id": "V0041",
    "start_time": "2025-09-19 00:29:00",
    "end_time": "2025-09-19 00:34:00",
    "path": [
      {
        "intersection": "1_1",
        "timestamp": "2025-09-19 00:29:00"
      },
      {
        "intersection": "1_2",
        "timestamp": "2025-09-19 00:31:00"
      },
      {
        "intersection": "1_3",
        "timestamp": "2025-09-19 00:34:00"
      }
    ]
  },
  {
    "vehicle_id": "V0042",
    "start_time": "2025-09-19 02:33:00",
    "end_time": "2025-09-19 02:42:00",
    "path": [
      {
        "intersection": "3_3",
        "timestamp": "2025-09-19 02:33:00"
      },
      {
        "intersection": "2_3",
        "timestamp": "2025-09-19 02:34:00"
      },
      {
        "intersection": "1_3",
        "timestamp": "2025-09-19 02:36:00"
      },
      {
        "intersection": "0_3",
        "timestamp": "2025-09-19 02:39:00"
      },
      {
        "intersection": "0_4",
        "timestamp": "2025-09-19 02:42:00"
      }
    ]
  },
  {
    "vehicle_id": "V0043",
    "start_time": "2025-09-19 13:09:00",
    "end_time": "2025-09-19 13:15:00",
    "path": [
      {
        "intersection": "2_2",
        "timestamp": "2025-09-19 13:09:00"
      },
      {
        "intersection": "3_2",
        "timestamp": "2025-09-19 13:10:00"
      },
      {
        "intersection": "4_2",
        "timestamp": "2025-09-19 13:12:00"
      },
      {
        "intersection": "4_3",
        "timestamp": "2025-09-19 13:15:00"
      }
    ]
  },
  {
    "vehicle_id": "V0044",
    "start_time": "2025-09-19 16:11:00",
    "end_time": "2025-09-19 16:22:00",
    "path": [
      {
        "intersection": "4_0",
        "timestamp": "2025-09-19 16:11:00"
      },
      {
        "intersection": "3_0",
        "timestamp": "2025-09-19 16:13:00"
      },
      {
        "intersection": "2_0",
        "timestamp": "2025-09-19 16:16:00"
      },
      {
        "intersection": "2_1",
        "timestamp": "2025-09-19 16:19:00"
      },
      {
        "intersection": "2_2",
        "timestamp": "2025-09-19 16:20:00"
      },
      {
        "intersection": "2_3",
        "timestamp": "2025-09-19 16:22:00"
      }
    ]
  },
  {
    "vehicle_id": "V0045",
    "start_time": "2025-09-19 03:22:00",
    "end_time": "2025-09-19 03:30:00",
    "path": [
      {
        "intersection": "2_4",
        "timestamp": "2025-09-19 03:22:00"
      },
      {
        "intersection": "2_3",
        "timestamp": "2025-09-19 03:24:00"
      },
      {
        "intersection": "2_2",
        "timestamp": "2025-09-19 03:27:00"
      },
      {
        "intersection": "2_1",
        "timestamp": "2025-09-19 03:28:00"
      },
      {
        "intersection": "2_0",
        "timestamp": "2025-09-19 03:30:00"
      }
    ]
  },
  {
    "vehicle_id": "V0046",
    "start_time": "2025-09-19 15:58:00",
    "end_time": "2025-09-19 16:02:00",
    "path": [
      {
        "intersection": "3_1",
        "timestamp": "2025-09-19 15:58:00"
      },
      {
        "intersection": "3_2",
        "timestamp": "2025-09-19 15:59:00"
      },
      {
        "intersection": "3_3",
        "timestamp": "2025-09-19 16:02:00"
      }
    ]
  },
  {
    "vehicle_id": "V0047",
    "start_time": "2025-09-19 07:52:00",
    "end_time": "2025-09-19 07:59:00",
    "path": [
      {
        "intersection": "2_2",
        "timestamp": "2025-09-19 07:52:00"
      },
      {
        "intersection": "3_2",
        "timestamp": "2025-09-19 07:53:00"
      },
      {
        "intersection": "4_2",
        "timestamp": "2025-09-19 07:55:00"
      },
      {
        "intersection": "4_3",
        "timestamp": "2025-09-19 07:58:00"
      },
      {
        "intersection": "4_4",
        "timestamp": "2025-09-19 07:59:00"
      }
    ]
  },
  {
    "vehicle_id": "V0048",
    "start_time": "2025-09-19 00:55:00",
    "end_time": "2025-09-19 01:03:00",
    "path": [
      {
        "intersection": "3_2",
        "timestamp": "2025-09-19 00:55:00"
      },
      {
        "intersection": "2_2",
        "timestamp": "2025-09-19 00:58:00"
      },
      {
        "intersection": "1_2",
        "timestamp": "2025-09-19 01:00:00"
      },
      {
        "intersection": "1_1",
        "timestamp": "2025-09-19 01:02:00"
      },
      {
        "intersection": "1_0",
        "timestamp": "2025-09-19 01:03:00"
      }
    ]
  },
  {
    "vehicle_id": "V0049",
    "start_time": "2025-09-19 14:01:00",
    "end_time": "2025-09-19 14:10:00",
    "path": [
      {
        "intersection": "3_3",
        "timestamp": "2025-09-19 14:01:00"
      },
      {
        "intersection": "2_3",
        "timestamp": "2025-09-19 14:03:00"
      },
      {
        "intersection": "1_3",
        "timestamp": "2025-09-19 14:05:00"
      },
      {
        "intersection": "0_3",
        "timestamp": "2025-09-19 14:08:00"
      },
      {
        "intersection": "0_2",
        "timestamp": "2025-09-19 14:10:00"
      }
    ]
  },
  {
    "vehicle_id": "V0050",
    "start_time": "2025-09-19 01:24:00",
    "end_time": "2025-09-19 01:27:00",
    "path": [
      {
        "intersection": "3_4",
        "timestamp": "2025-09-19 01:24:00"
      },
      {
        "intersection": "2_4",
        "timestamp": "2025-09-19 01:27:00"
      }
    ]
  },
  {
    "vehicle_id": "V0051",
    "start_time": "2025-09-19 13:22:00",
    "end_time": "2025-09-19 13:24:00",
    "path": [
      {
        "intersection": "2_2",
        "timestamp": "2025-09-19 13:22:00"
      },
      {
        "intersection": "1_2",
        "timestamp": "2025-09-19 13:23:00"
      },
      {
        "intersection": "1_1",
        "timestamp": "2025-09-19 13:24:00"
      }
    ]
  },
  {
    "vehicle_id": "V0052",
    "start_time": "2025-09-19 12:19:00",
    "end_time": "2025-09-19 12:31:00",
    "path": [
      {
        "intersection": "4_2",
        "timestamp": "2025-09-19 12:19:00"
      },
      {
        "intersection": "3_2",
        "timestamp": "2025-09-19 12:20:00"
      },
      {
        "intersection": "2_2",
        "timestamp": "2025-09-19 12:22:00"
      },
      {
        "intersection": "1_2",
        "timestamp": "2025-09-19 12:25:00"
      },
      {
        "intersection": "0_2",
        "timestamp": "2025-09-19 12:28:00"
      },
      {
        "intersection": "0_1",
        "timestamp": "2025-09-19 12:31:00"
      }
    ]
  },
  {
    "vehicle_id": "V0053",
    "start_time": "2025-09-19 11:56:00",
    "end_time": "2025-09-19 12:06:00",
    "path": [
      {
        "intersection": "4_2",
        "timestamp": "2025-09-19 11:56:00"
      },
      {
        "intersection": "3_2",
        "timestamp": "2025-09-19 11:58:00"
      },
      {
        "intersection": "2_2",
        "timestamp": "2025-09-19 12:01:00"
      },
      {
        "intersection": "1_2",
        "timestamp": "2025-09-19 12:02:00"
      },
      {
        "intersection": "0_2",
        "timestamp": "2025-09-19 12:05:00"
      },
      {
        "intersection": "0_1",
        "timestamp": "2025-09-19 12:06:00"
      }
    ]
  },
  {
    "vehicle_id": "V0054",
    "start_time": "2025-09-19 03:56:00",
    "end_time": "2025-09-19 04:09:00",
    "path": [
      {
        "intersection": "4_1",
        "timestamp": "2025-09-19 03:56:00"
      },
      {
        "intersection": "3_1",
        "timestamp": "2025-09-19 03:59:00"
      },
      {
        "intersection": "2_1",
        "timestamp": "2025-09-19 04:02:00"
      },
      {
        "intersection": "1_1",
        "timestamp": "2025-09-19 04:04:00"
      },
      {
        "intersection": "1_2",
        "timestamp": "2025-09-19 04:05:00"
      },
      {
        "intersection": "1_3",
        "timestamp": "2025-09-19 04:08:00"
      },
      {
        "intersection": "1_4",
        "timestamp": "2025-09-19 04:09:00"
      }
    ]
  },
  {
    "vehicle_id": "V0055",
    "start_time": "2025-09-19 22:30:00",
    "end_time": "2025-09-19 22:37:00",
    "path": [
      {
        "intersection": "1_2",
        "timestamp": "2025-09-19 22:30:00"
      },
      {
        "intersection": "2_2",
        "timestamp": "2025-09-19 22:33:00"
      },
      {
        "intersection": "3_2",
        "timestamp": "2025-09-19 22:36:00"
      },
      {
        "intersection": "4_2",
        "timestamp": "2025-09-19 22:37:00"
      }
    ]
  },
  {
    "vehicle_id": "V0056",
    "start_time": "2025-09-19 21:41:00",
    "end_time": "2025-09-19 21:45:00",
    "path": [
      {
        "intersection": "4_2",
        "timestamp": "2025-09-19 21:41:00"
      },
      {
        "intersection": "3_2",
        "timestamp": "2025-09-19 21:43:00"
      },
      {
        "intersection": "2_2",
        "timestamp": "2025-09-19 21:45:00"
      }
    ]
  },
  {
    "vehicle_id": "V0057",
    "start_time": "2025-09-19 22:00:00",
    "end_time": "2025-09-19 22:01:00",
    "path": [
      {
        "intersection": "2_2",
        "timestamp": "2025-09-19 22:00:00"
      },
      {
        "intersection": "1_2",
        "timestamp": "2025-09-19 22:01:00"
      }
    ]
  },
  {
    "vehicle_id": "V0058",
    "start_time": "2025-09-19 12:10:00",
    "end_time": "2025-09-19 12:21:00",
    "path": [
      {
        "intersection": "3_4",
        "timestamp": "2025-09-19 12:10:00"
      },
      {
        "intersection": "2_4",
        "timestamp": "2025-09-19 12:12:00"
      },
      {
        "intersection": "1_4",
        "timestamp": "2025-09-19 12:14:00"
      },
      {
        "intersection": "1_3",
        "timestamp": "2025-09-19 12:17:00"
      },
      {
        "intersection": "1_2",
        "timestamp": "2025-09-19 12:18:00"
      },
      {
        "intersection": "1_1",
        "timestamp": "2025-09-19 12:21:00"
      }
    ]
  },
  {
    "vehicle_id": "V0059",
    "start_time": "2025-09-19 13:40:00",
    "end_time": "2025-09-19 13:50:00",
    "path": [
      {
        "intersection": "4_3",
        "timestamp": "2025-09-19 13:40:00"
      },
      {
        "intersection": "3_3",
        "timestamp": "2025-09-19 13:41:00"
      },
      {
        "intersection": "2_3",
        "timestamp": "2025-09-19 13:44:00"
      },
      {
        "intersection": "1_3",
        "timestamp": "2025-09-19 13:46:00"
      },
      {
        "intersection": "0_3",
        "timestamp": "2025-09-19 13:48:00"
      },
      {
        "intersection": "0_4",
        "timestamp": "2025-09-19 13:50:00"
      }
    ]
  },
  {
    "vehicle_id": "V0060",
    "start_time": "2025-09-19 11:22:00",
    "end_time": "2025-09-19 11:28:00",
    "path": [
      {
        "intersection": "2_1",
        "timestamp": "2025-09-19 11:22:00"
      },
      {
        "intersection": "2_2",
        "timestamp": "2025-09-19 11:25:00"
      },
      {
        "intersection": "2_3",
        "timestamp": "2025-09-19 11:26:00"
      },
      {
        "intersection": "2_4",
        "timestamp": "2025-09-19 11:28:00"
      }
    ]
  },
  {
    "vehicle_id": "V0061",
    "start_time": "2025-09-19 18:59:00",
    "end_time": "2025-09-19 19:06:00",
    "path": [
      {
        "intersection": "3_1",
        "timestamp": "2025-09-19 18:59:00"
      },
      {
        "intersection": "2_1",
        "timestamp": "2025-09-19 19:01:00"
      },
      {
        "intersection": "1_1",
        "timestamp": "2025-09-19 19:03:00"
      },
      {
        "intersection": "0_1",
        "timestamp": "2025-09-19 19:05:00"
      },
      {
        "intersection": "0_0",
        "timestamp": "2025-09-19 19:06:00"
      }
    ]
  },
  {
    "vehicle_id": "V0062",
    "start_time": "2025-09-19 22:15:00",
    "end_time": "2025-09-19 22:20:00",
    "path": [
      {
        "intersection": "2_1",
        "timestamp": "2025-09-19 22:15:00"
      },
      {
        "intersection": "1_1",
        "timestamp": "2025-09-19 22:17:00"
      },
      {
        "intersection": "0_1",
        "timestamp": "2025-09-19 22:20:00"
      }
    ]
  },
  {
    "vehicle_id": "V0063",
    "start_time": "2025-09-19 13:02:00",
    "end_time": "2025-09-19 13:04:00",
    "path": [
      {
        "intersection": "2_3",
        "timestamp": "2025-09-19 13:02:00"
      },
      {
        "intersection": "3_3",
        "timestamp": "2025-09-19 13:03:00"
      },
      {
        "intersection": "3_2",
        "timestamp": "2025-09-19 13:04:00"
      }
    ]
  },
  {
    "vehicle_id": "V0064",
    "start_time": "2025-09-19 02:53:00",
    "end_time": "2025-09-19 02:59:00",
    "path": [
      {
        "intersection": "2_2",
        "timestamp": "2025-09-19 02:53:00"
      },
      {
        "intersection": "1_2",
        "timestamp": "2025-09-19 02:55:00"
      },
      {
        "intersection": "1_3",
        "timestamp": "2025-09-19 02:56:00"
      },
      {
        "intersection": "1_4",
        "timestamp": "2025-09-19 02:59:00"
      }
    ]
  },
  {
    "vehicle_id": "V0065",
    "start_time": "2025-09-19 22:54:00",
    "end_time": "2025-09-19 22:57:00",
    "path": [
      {
        "intersection": "0_0",
        "timestamp": "2025-09-19 22:54:00"
      },
      {
        "intersection": "1_0",
        "timestamp": "2025-09-19 22:55:00"
      },
      {
        "intersection": "1_1",
        "timestamp": "2025-09-19 22:57:00"
      }
    ]
  },
  {
    "vehicle_id": "V0066",
    "start_time": "2025-09-19 11:46:00",
    "end_time": "2025-09-19 11:54:00",
    "path": [
      {
        "intersection": "3_0",
        "timestamp": "2025-09-19 11:46:00"
      },
      {
        "intersection": "2_0",
        "timestamp": "2025-09-19 11:49:00"
      },
      {
        "intersection": "1_0",
        "timestamp": "2025-09-19 11:52:00"
      },
      {
        "intersection": "0_0",
        "timestamp": "2025-09-19 11:53:00"
      },
      {
        "intersection": "0_1",
        "timestamp": "2025-09-19 11:54:00"
      }
    ]
  },
  {
    "vehicle_id": "V0067",
    "start_time": "2025-09-19 13:53:00",
    "end_time": "2025-09-19 14:04:00",
    "path": [
      {
        "intersection": "1_0",
        "timestamp": "2025-09-19 13:53:00"
      },
      {
        "intersection": "2_0",
        "timestamp": "2025-09-19 13:56:00"
      },
      {
        "intersection": "2_1",
        "timestamp": "2025-09-19 13:59:00"
      },
      {
        "intersection": "2_2",
        "timestamp": "2025-09-19 14:01:00"
      },
      {
        "intersection": "2_3",
        "timestamp": "2025-09-19 14:04:00"
      }
    ]
  },
  {
    "vehicle_id": "V0068",
    "start_time": "2025-09-19 01:25:00",
    "end_time": "2025-09-19 01:26:00",
    "path": [
      {
        "intersection": "4_4",
        "timestamp": "2025-09-19 01:25:00"
      },
      {
        "intersection": "4_3",
        "timestamp": "2025-09-19 01:26:00"
      }
    ]
  },
  {
    "vehicle_id": "V0069",
    "start_time": "2025-09-19 03:41:00",
    "end_time": "2025-09-19 03:45:00",
    "path": [
      {
        "intersection": "2_3",
        "timestamp": "2025-09-19 03:41:00"
      },
      {
        "intersection": "3_3",
        "timestamp": "2025-09-19 03:43:00"
      },
      {
        "intersection": "4_3",
        "timestamp": "2025-09-19 03:44:00"
      },
      {
        "intersection": "4_4",
        "timestamp": "2025-09-19 03:45:00"
      }
    ]
  },
  {
    "vehicle_id": "V0070",
    "start_time": "2025-09-19 10:36:00",
    "end_time": "2025-09-19 10:49:00",
    "path": [
      {
        "intersection": "4_0",
        "timestamp": "2025-09-19 10:36:00"
      },
      {
        "intersection": "3_0",
        "timestamp": "2025-09-19 10:39:00"
      },
      {
        "intersection": "3_1",
        "timestamp": "2025-09-19 10:42:00"
      },
      {
        "intersection": "3_2",
        "timestamp": "2025-09-19 10:45:00"
      },
      {
        "intersection": "3_3",
        "timestamp": "2025-09-19 10:47:00"
      },
      {
        "intersection": "3_4",
        "timestamp": "2025-09-19 10:49:00"
      }
    ]
  },
  {
    "vehicle_id": "V0071",
    "start_time": "2025-09-19 02:02:00",
    "end_time": "2025-09-19 02:12:00",
    "path": [
      {
        "intersection": "4_4",
        "timestamp": "2025-09-19 02:02:00"
      },
      {
        "intersection": "3_4",
        "timestamp": "2025-09-19 02:05:00"
      },
      {
        "intersection": "2_4",
        "timestamp": "2025-09-19 02:07:00"
      },
      {
        "intersection": "2_3",
        "timestamp": "2025-09-19 02:09:00"
      },
      {
        "intersection": "2_2",
        "timestamp": "2025-09-19 02:10:00"
      },
      {
        "intersection": "2_1",
        "timestamp": "2025-09-19 02:11:00"
      },
      {
        "intersection": "2_0",
        "timestamp": "2025-09-19 02:12:00"
      }
    ]
  },
  {
    "vehicle_id": "V0072",
    "start_time": "2025-09-19 11:28:00",
    "end_time": "2025-09-19 11:34:00",
    "path": [
      {
        "intersection": "2_0",
        "timestamp": "2025-09-19 11:28:00"
      },
      {
        "intersection": "2_1",
        "timestamp": "2025-09-19 11:31:00"
      },
      {
        "intersection": "2_2",
        "timestamp": "2025-09-19 11:34:00"
      }
    ]
  },
  {
    "vehicle_id": "V0073",
    "start_time": "2025-09-19 20:21:00",
    "end_time": "2025-09-19 20:28:00",
    "path": [
      {
        "intersection": "4_4",
        "timestamp": "2025-09-19 20:21:00"
      },
      {
        "intersection": "4_3",
        "timestamp": "2025-09-19 20:23:00"
      },
      {
        "intersection": "4_2",
        "timestamp": "2025-09-19 20:25:00"
      },
      {
        "intersection": "4_1",
        "timestamp": "2025-09-19 20:28:00"
      }
    ]
  },
  {
    "vehicle_id": "V0074",
    "start_time": "2025-09-19 04:33:00",
    "end_time": "2025-09-19 04:47:00",
    "path": [
      {
        "intersection": "0_0",
        "timestamp": "2025-09-19 04:33:00"
      },
      {
        "intersection": "1_0",
        "timestamp": "2025-09-19 04:34:00"
      },
      {
        "intersection": "2_0",
        "timestamp": "2025-09-19 04:35:00"
      },
      {
        "intersection": "3_0",
        "timestamp": "2025-09-19 04:37:00"
      },
      {
        "intersection": "4_0",
        "timestamp": "2025-09-19 04:40:00"
      },
      {
        "intersection": "4_1",
        "timestamp": "2025-09-19 04:43:00"
      },
      {
        "intersection": "4_2",
        "timestamp": "2025-09-19 04:45:00"
      },
      {
        "intersection": "4_3",
        "timestamp": "2025-09-19 04:47:00"
      }
    ]
  },
  {
    "vehicle_id": "V0075",
    "start_time": "2025-09-19 05:03:00",
    "end_time": "2025-09-19 05:13:00",
    "path": [
      {
        "intersection": "4_2",
        "timestamp": "2025-09-19 05:03:00"
      },
      {
        "intersection": "3_2",
        "timestamp": "2025-09-19 05:06:00"
      },
      {
        "intersection": "2_2",
        "timestamp": "2025-09-19 05:07:00"
      },
      {
        "intersection": "1_2",
        "timestamp": "2025-09-19 05:10:00"
      },
      {
        "intersection": "0_2",
        "timestamp": "2025-09-19 05:12:00"
      },
      {
        "intersection": "0_1",
        "timestamp": "2025-09-19 05:13:00"
      }
    ]
  },
  {
    "vehicle_id": "V0076",
    "start_time": "2025-09-19 18:16:00",
    "end_time": "2025-09-19 18:20:00",
    "path": [
      {
        "intersection": "2_0",
        "timestamp": "2025-09-19 18:16:00"
      },
      {
        "intersection": "2_1",
        "timestamp": "2025-09-19 18:19:00"
      },
      {
        "intersection": "2_2",
        "timestamp": "2025-09-19 18:20:00"
      }
    ]
  },
  {
    "vehicle_id": "V0077",
    "start_time": "2025-09-19 08:47:00",
    "end_time": "2025-09-19 08:52:00",
    "path": [
      {
        "intersection": "4_0",
        "timestamp": "2025-09-19 08:47:00"
      },
      {
        "intersection": "3_0",
        "timestamp": "2025-09-19 08:48:00"
      },
      {
        "intersection": "2_0",
        "timestamp": "2025-09-19 08:50:00"
      },
      {
        "intersection": "2_1",
        "timestamp": "2025-09-19 08:52:00"
      }
    ]
  },
  {
    "vehicle_id": "V0078",
    "start_time": "2025-09-19 03:17:00",
    "end_time": "2025-09-19 03:27:00",
    "path": [
      {
        "intersection": "4_4",
        "timestamp": "2025-09-19 03:17:00"
      },
      {
        "intersection": "3_4",
        "timestamp": "2025-09-19 03:19:00"
      },
      {
        "intersection": "2_4",
        "timestamp": "2025-09-19 03:21:00"
      },
      {
        "intersection": "1_4",
        "timestamp": "2025-09-19 03:22:00"
      },
      {
        "intersection": "1_3",
        "timestamp": "2025-09-19 03:24:00"
      },
      {
        "intersection": "1_2",
        "timestamp": "2025-09-19 03:26:00"
      },
      {
        "intersection": "1_1",
        "timestamp": "2025-09-19 03:27:00"
      }
    ]
  },
  {
    "vehicle_id": "V0079",
    "start_time": "2025-09-19 05:21:00",
    "end_time": "2025-09-19 05:32:00",
    "path": [
      {
        "intersection": "1_4",
        "timestamp": "2025-09-19 05:21:00"
      },
      {
        "intersection": "2_4",
        "timestamp": "2025-09-19 05:23:00"
      },
      {
        "intersection": "3_4",
        "timestamp": "2025-09-19 05:25:00"
      },
      {
        "intersection": "4_4",
        "timestamp": "2025-09-19 05:28:00"
      },
      {
        "intersection": "4_3",
        "timestamp": "2025-09-19 05:31:00"
      },
      {
        "intersection": "4_2",
        "timestamp": "2025-09-19 05:32:00"
      }
    ]
  },
  {
    "vehicle_id": "V0080",
    "start_time": "2025-09-19 16:08:00",
    "end_time": "2025-09-19 16:16:00",
    "path": [
      {
        "intersection": "3_3",
        "timestamp": "2025-09-19 16:08:00"
      },
      {
        "intersection": "2_3",
        "timestamp": "2025-09-19 16:11:00"
      },
      {
        "intersection": "1_3",
        "timestamp": "2025-09-19 16:14:00"
      },
      {
        "intersection": "1_2",
        "timestamp": "2025-09-19 16:16:00"
      }
    ]
  },
  {
    "vehicle_id": "V0081",
    "start_time": "2025-09-19 16:41:00",
    "end_time": "2025-09-19 16:49:00",
    "path": [
      {
        "intersection": "3_0",
        "timestamp": "2025-09-19 16:41:00"
      },
      {
        "intersection": "4_0",
        "timestamp": "2025-09-19 16:44:00"
      },
      {
        "intersection": "4_1",
        "timestamp": "2025-09-19 16:46:00"
      },
      {
        "intersection": "4_2",
        "timestamp": "2025-09-19 16:47:00"
      },
      {
        "intersection": "4_3",
        "timestamp": "2025-09-19 16:48:00"
      },
      {
        "intersection": "4_4",
        "timestamp": "2025-09-19 16:49:00"
      }
    ]
  },
  {
    "vehicle_id": "V0082",
    "start_time": "2025-09-19 00:03:00",
    "end_time": "2025-09-19 00:04:00",
    "path": [
      {
        "intersection": "2_4",
        "timestamp": "2025-09-19 00:03:00"
      },
      {
        "intersection": "1_4",
        "timestamp": "2025-09-19 00:04:00"
      }
    ]
  },
  {
    "vehicle_id": "V0083",
    "start_time": "2025-09-19 04:17:00",
    "end_time": "2025-09-19 04:29:00",
    "path": [
      {
        "intersection": "1_4",
        "timestamp": "2025-09-19 04:17:00"
      },
      {
        "intersection": "0_4",
        "timestamp": "2025-09-19 04:19:00"
      },
      {
        "intersection": "0_3",
        "timestamp": "2025-09-19 04:22:00"
      },
      {
        "intersection": "0_2",
        "timestamp": "2025-09-19 04:25:00"
      },
      {
        "intersection": "0_1",
        "timestamp": "2025-09-19 04:26:00"
      },
      {
        "intersection": "0_0",
        "timestamp": "2025-09-19 04:29:00"
      }
    ]
  },
  {
    "vehicle_id": "V0084",
    "start_time": "2025-09-19 07:42:00",
    "end_time": "2025-09-19 07:56:00",
    "path": [
      {
        "intersection": "0_0",
        "timestamp": "2025-09-19 07:42:00"
      },
      {
        "intersection": "1_0",
        "timestamp": "2025-09-19 07:43:00"
      },
      {
        "intersection": "2_0",
        "timestamp": "2025-09-19 07:45:00"
      },
      {
        "intersection": "3_0",
        "timestamp": "2025-09-19 07:46:00"
      },
      {
        "intersection": "3_1",
        "timestamp": "2025-09-19 07:48:00"
      },
      {
        "intersection": "3_2",
        "timestamp": "2025-09-19 07:50:00"
      },
      {
        "intersection": "3_3",
        "timestamp": "2025-09-19 07:53:00"
      },
      {
        "intersection": "3_4",
        "timestamp": "2025-09-19 07:56:00"
      }
    ]
  },
  {
    "vehicle_id": "V0085",
    "start_time": "2025-09-19 18:29:00",
    "end_time": "2025-09-19 18:35:00",
    "path": [
      {
        "intersection": "2_1",
        "timestamp": "2025-09-19 18:29:00"
      },
      {
        "intersection": "1_1",
        "timestamp": "2025-09-19 18:32:00"
      },
      {
        "intersection": "1_0",
        "timestamp": "2025-09-19 18:35:00"
      }
    ]
  },
  {
    "vehicle_id": "V0086",
    "start_time": "2025-09-19 06:56:00",
    "end_time": "2025-09-19 07:02:00",
    "path": [
      {
        "intersection": "3_3",
        "timestamp": "2025-09-19 06:56:00"
      },
      {
        "intersection": "2_3",
        "timestamp": "2025-09-19 06:58:00"
      },
      {
        "intersection": "2_2",
        "timestamp": "2025-09-19 06:59:00"
      },
      {
        "intersection": "2_1",
        "timestamp": "2025-09-19 07:02:00"
      }
    ]
  },
  {
    "vehicle_id": "V0087",
    "start_time": "2025-09-19 15:29:00",
    "end_time": "2025-09-19 15:30:00",
    "path": [
      {
        "intersection": "0_2",
        "timestamp": "2025-09-19 15:29:00"
      },
      {
        "intersection": "1_2",
        "timestamp": "2025-09-19 15:30:00"
      }
    ]
  },
  {
    "vehicle_id": "V0088",
    "start_time": "2025-09-19 02:09:00",
    "end_time": "2025-09-19 02:21:00",
    "path": [
      {
        "intersection": "0_2",
        "timestamp": "2025-09-19 02:09:00"
      },
      {
        "intersection": "1_2",
        "timestamp": "2025-09-19 02:10:00"
      },
      {
        "intersection": "2_2",
        "timestamp": "2025-09-19 02:13:00"
      },
      {
        "intersection": "3_2",
        "timestamp": "2025-09-19 02:14:00"
      },
      {
        "intersection": "4_2",
        "timestamp": "2025-09-19 02:16:00"
      },
      {
        "intersection": "4_1",
        "timestamp": "2025-09-19 02:18:00"
      },
      {
        "intersection": "4_0",
        "timestamp": "2025-09-19 02:21:00"
      }
    ]
  },
  {
    "vehicle_id": "V0089",
    "start_time": "2025-09-19 07:49:00",
    "end_time": "2025-09-19 08:00:00",
    "path": [
      {
        "intersection": "3_0",
        "timestamp": "2025-09-19 07:49:00"
      },
      {
        "intersection": "2_0",
        "timestamp": "2025-09-19 07:50:00"
      },
      {
        "intersection": "1_0",
        "timestamp": "2025-09-19 07:51:00"
      },
      {
        "intersection": "1_1",
        "timestamp": "2025-09-19 07:54:00"
      },
      {
        "intersection": "1_2",
        "timestamp": "2025-09-19 07:57:00"
      },
      {
        "intersection": "1_3",
        "timestamp": "2025-09-19 07:58:00"
      },
      {
        "intersection": "1_4",
        "timestamp": "2025-09-19 08:00:00"
      }
    ]
  },
  {
    "vehicle_id": "V0090",
    "start_time": "2025-09-19 23:34:00",
    "end_time": "2025-09-19 23:42:00",
    "path": [
      {
        "intersection": "3_1",
        "timestamp": "2025-09-19 23:34:00"
      },
      {
        "intersection": "2_1",
        "timestamp": "2025-09-19 23:35:00"
      },
      {
        "intersection": "1_1",
        "timestamp": "2025-09-19 23:37:00"
      },
      {
        "intersection": "0_1",
        "timestamp": "2025-09-19 23:38:00"
      },
      {
        "intersection": "0_2",
        "timestamp": "2025-09-19 23:41:00"
      },
      {
        "intersection": "0_3",
        "timestamp": "2025-09-19 23:42:00"
      }
    ]
  },
  {
    "vehicle_id": "V0091",
    "start_time": "2025-09-19 01:15:00",
    "end_time": "2025-09-19 01:20:00",
    "path": [
      {
        "intersection": "3_3",
        "timestamp": "2025-09-19 01:15:00"
      },
      {
        "intersection": "2_3",
        "timestamp": "2025-09-19 01:17:00"
      },
      {
        "intersection": "2_4",
        "timestamp": "2025-09-19 01:20:00"
      }
    ]
  },
  {
    "vehicle_id": "V0092",
    "start_time": "2025-09-19 02:23:00",
    "end_time": "2025-09-19 02:24:00",
    "path": [
      {
        "intersection": "1_1",
        "timestamp": "2025-09-19 02:23:00"
      },
      {
        "intersection": "1_0",
        "timestamp": "2025-09-19 02:24:00"
      }
    ]
  },
  {
    "vehicle_id": "V0093",
    "start_time": "2025-09-19 15:16:00",
    "end_time": "2025-09-19 15:19:00",
    "path": [
      {
        "intersection": "1_4",
        "timestamp": "2025-09-19 15:16:00"
      },
      {
        "intersection": "0_4",
        "timestamp": "2025-09-19 15:17:00"
      },
      {
        "intersection": "0_3",
        "timestamp": "2025-09-19 15:19:00"
      }
    ]
  },
  {
    "vehicle_id": "V0094",
    "start_time": "2025-09-19 00:57:00",
    "end_time": "2025-09-19 00:59:00",
    "path": [
      {
        "intersection": "2_4",
        "timestamp": "2025-09-19 00:57:00"
      },
      {
        "intersection": "2_3",
        "timestamp": "2025-09-19 00:59:00"
      }
    ]
  },
  {
    "vehicle_id": "V0095",
    "start_time": "2025-09-19 23:26:00",
    "end_time": "2025-09-19 23:33:00",
    "path": [
      {
        "intersection": "1_0",
        "timestamp": "2025-09-19 23:26:00"
      },
      {
        "intersection": "2_0",
        "timestamp": "2025-09-19 23:28:00"
      },
      {
        "intersection": "3_0",
        "timestamp": "2025-09-19 23:31:00"
      },
      {
        "intersection": "3_1",
        "timestamp": "2025-09-19 23:32:00"
      },
      {
        "intersection": "3_2",
        "timestamp": "2025-09-19 23:33:00"
      }
    ]
  },
  {
    "vehicle_id": "V0096",
    "start_time": "2025-09-19 06:36:00",
    "end_time": "2025-09-19 06:39:00",
    "path": [
      {
        "intersection": "2_3",
        "timestamp": "2025-09-19 06:36:00"
      },
      {
        "intersection": "3_3",
        "timestamp": "2025-09-19 06:38:00"
      },
      {
        "intersection": "3_2",
        "timestamp": "2025-09-19 06:39:00"
      }
    ]
  },
  {
    "vehicle_id": "V0097",
    "start_time": "2025-09-19 12:57:00",
    "end_time": "2025-09-19 13:01:00",
    "path": [
      {
        "intersection": "1_3",
        "timestamp": "2025-09-19 12:57:00"
      },
      {
        "intersection": "2_3",
        "timestamp": "2025-09-19 12:58:00"
      },
      {
        "intersection": "2_2",
        "timestamp": "2025-09-19 12:59:00"
      },
      {
        "intersection": "2_1",
        "timestamp": "2025-09-19 13:01:00"
      }
    ]
  },
  {
    "vehicle_id": "V0098",
    "start_time": "2025-09-19 03:49:00",
    "end_time": "2025-09-19 03:58:00",
    "path": [
      {
        "intersection": "0_2",
        "timestamp": "2025-09-19 03:49:00"
      },
      {
        "intersection": "1_2",
        "timestamp": "2025-09-19 03:51:00"
      },
      {
        "intersection": "2_2",
        "timestamp": "2025-09-19 03:53:00"
      },
      {
        "intersection": "3_2",
        "timestamp": "2025-09-19 03:55:00"
      },
      {
        "intersection": "4_2",
        "timestamp": "2025-09-19 03:56:00"
      },
      {
        "intersection": "4_3",
        "timestamp": "2025-09-19 03:58:00"
      }
    ]
  },
  {
    "vehicle_id": "V0099",
    "start_time": "2025-09-19 15:38:00",
    "end_time": "2025-09-19 15:41:00",
    "path": [
      {
        "intersection": "1_2",
        "timestamp": "2025-09-19 15:38:00"
      },
      {
        "intersection": "0_2",
        "timestamp": "2025-09-19 15:41:00"
      }
    ]
  },
  {
    "vehicle_id": "V0100",
    "start_time": "2025-09-19 22:45:00",
    "end_time": "2025-09-19 22:49:00",
    "path": [
      {
        "intersection": "4_0",
        "timestamp": "2025-09-19 22:45:00"
      },
      {
        "intersection": "3_0",
        "timestamp": "2025-09-19 22:46:00"
      },
      {
        "intersection": "2_0",
        "timestamp": "2025-09-19 22:49:00"
      }
    ]
  }
]